"település neve",,"lakosok száma",,"magyarok száma",,"magyarok aránya",,"szlovákok száma",,"szlovákok aránya",
"magyar","szlovák",2011,2001,2011,2001,2011,2001,2011,2001,2011,2001
,,,,,,,,,,,
"Pozsony","Bratislava",411228,428672,14119,16451,"3,4","3,8",373571,391761,"90,8","91,4"
,,,,,,,,,,,
"Szenci járás",,66265,51825,9134,10553,"13,8","20,4",51299,39797,"77,4","76,8"
,,,,,,,,,,,
"Boldogfa","Boldog",428,404,247,284,"57,7","70,3",164,99,"38,3","24,5"
"Dénesd+Misérd+Torcs","Dunajská Lužná",4482,2932,214,196,"4,8","6,7",4023,2640,"89,8","90,0"
"Dunasápújfalu","Nová Dedinka",2002,1626,408,467,"20,4","28,7",1524,1128,"76,1","69,4"
"Éberhárd","Malinovo",1861,1349,625,682,"33,6","50,6",1158,639,"62,2","47,4"
"Egyházfa","Kostolná pri Dunaji",508,458,265,315,"52,2","68,8",235,137,"46,3","29,9"
"Fél","Tomášov",2329,2052,1049,1137,"45,0","55,4",1206,849,"51,8","41,4"
"Gútor","Hamuliakovo",1438,945,504,525,"35,0","55,6",894,401,"62,2","42,4"
"Hegysúr","Hrubý Šúr",756,634,457,471,"60,4","74,3",270,154,"35,7","24,3"
"Hurbanfalva","Hurbanova Ves",288,228,32,35,"11,1","15,4",237,179,"82,3","78,5"
"Magyarbél","Veľký Biel",2304,2163,702,895,"30,5","41,4",1515,1200,"65,8","55,5"
"Nagyborsa","Hrubá Borša",445,360,91,114,"20,4","31,7",346,239,"77,8","66,4"
"Réte","Reca",1378,1239,517,546,"37,5","44,1",819,685,"59,4","55,3"
"Szemet","Kalinkovo",1170,890,296,330,"25,3","37,1",849,556,"72,6","62,5"
"Szenc ","Senec",17050,14673,2467,3246,"14,5","22,1",11605,10970,"68,1","74,8"
"Vők","Vlky",426,399,295,309,"69,2","77,4",125,84,"29,3","21,1"
"Zonctorony","Tureň",983,842,575,648,"58,5","77,0",361,189,"36,7","22,4"
,,,,,,,,,,,
"Dunaszerdahelyi járás",,116492,112384,87349,93660,"75,0","83,3",22768,15741,"19,5","14,0"
,,,,,,,,,,,
"Albár","Dolný Bar",597,518,468,428,"78,4","82,6",119,75,"19,9","14,5"
"Alistál","Dolný Štál",1894,1962,1742,1848,"92,0","94,2",134,106,"7,1","5,4"
"Bacsfa","Báč",553,566,394,355,"71,2","62,7",149,205,"26,9","36,2"
"Baka","Baka",1114,1093,950,1011,"85,3","92,5",148,76,"13,3","7,0"
"Balony","Baloň",756,735,690,691,"91,3","94,0",44,39,"5,8","5,3"
"Béke","Mierovo",445,419,331,345,"74,4","82,3",100,64,"22,5","15,3"
"Bögellő","Boheľov",351,359,333,351,"94,9","97,8",14,3,"4,0","0,8"
"Bős","Gabčíkovo",5361,5084,4711,4598,"87,9","90,4",580,417,"10,8","8,2"
"Csallóközcsütörtök","Štvrtok na Ostrove",1770,1679,1271,1391,"71,8","82,8",426,207,"24,1","12,3"
"Csallóközkürt","Ohrady",1168,1141,1092,1087,"93,5","95,3",70,50,"6,0","4,4"
"Csallóköznádasd","Trstená na Ostrove",547,532,473,496,"86,5","93,2",72,34,"13,2","6,4"
"Csallóköztárnok","Trnávka",452,428,309,348,"68,4","81,3",138,72,"30,5","16,8"
"Csenke","Čenkovce",1091,814,861,740,"78,9","90,9",198,67,"18,1","8,2"
"Csiliznyárad","Ňárad",651,616,602,586,"92,5","95,1",38,28,"5,8","4,5"
"Csilizpatas","Pataš",832,805,660,722,"79,3","89,7",93,60,"11,2","7,5"
"Csilizradvány","Čiližská Radvaň",1205,1218,1128,1162,"93,6","95,4",65,47,"5,4","3,9"
"Dercsika","Jurová",507,442,409,416,"80,7","94,1",86,23,"17,0","5,2"
"Diósförgepatony","Orechová Potôň",1678,1671,1394,1563,"83,1","93,5",239,99,"14,2","5,9"
"Doborgaz","Dobrohošť",428,336,299,307,"69,9","91,4",109,29,"25,5","8,6"
"Dunakisfalud","Vieska",431,435,368,391,"85,4","89,9",49,30,"11,4","6,9"
"Dunaszerdahely ","Dunajská Streda",22477,23519,16752,18756,"74,5","79,7",4373,3588,"19,5","15,3"
"Dunatőkés","Dunajský Klátov",510,460,413,432,"81,0","93,9",92,24,"18,0","5,2"
"Egyházkarcsa","Kostolné Kračany",1254,1162,1111,1078,"88,6","92,8",129,64,"10,3","5,5"
"Ekecs","Okoč",3677,3804,3366,3520,"91,5","92,5",276,231,"7,5","6,1"
"Felbár","Horný Bar",1236,1075,965,959,"78,1","89,2",247,105,"20,0","9,8"
"Felsőpatony","Horná Potôň",1961,1872,1531,1757,"78,1","93,9",398,105,"20,3","5,6"
"Felsővámos","Horné Mýto",957,969,873,942,"91,2","97,2",62,24,"6,5","2,5"
"Gelle","Holice",1897,1824,1694,1751,"89,3","96,0",184,68,"9,7","3,7"
"Gomba","Hubice",559,504,389,389,"69,6","77,2",167,111,"29,9","22,0"
"Hegyéte","Kútniky",1259,932,994,815,"79,0","87,4",235,99,"18,7","10,6"
"Hviezdoslavfalva","Hviezdoslavov",612,337,113,152,"18,5","45,1",418,161,"68,3","47,8"
"Illésháza","Nový Život",2203,2048,1557,1746,"70,7","85,3",525,242,"23,8","11,8"
"Jányok","Janíky",855,782,650,706,"76,0","90,3",175,71,"20,5","9,1"
"Keszölcés","Kyselica",151,123,114,97,"75,5","78,9",24,24,"15,9","19,5"
"Királyfiakarcsa","Kráľovičove Kračany",1039,967,833,872,"80,2","90,2",161,84,"15,5","8,7"
"Kisudvarnok","Malé Dvorníky",1038,894,920,827,"88,6","92,5",113,64,"10,9","7,2"
"Kulcsod","Kľúčovec",368,372,344,365,"93,5","98,1",16,5,"4,3","1,3"
"Lég","Lehnice",2527,2409,1365,1659,"54,0","68,9",946,647,"37,4","26,9"
"Macháza","Macov",237,155,93,88,"39,2","56,8",96,37,"40,5","23,9"
"Medve","Medveďov",566,583,497,509,"87,8","87,3",58,65,"10,2","11,1"
"Nagyabony","Veľké Blahovo",1448,1242,1071,1068,"74,0","86,0",307,125,"21,2","10,1"
"Nagybodak","Bodíky",288,317,240,306,"83,3","96,5",45,5,"15,6","1,6"
"Nagylúcs","Lúč na Ostrove",765,736,681,704,"89,0","95,7",79,28,"10,3","3,8"
"Nagymad","Mad",528,469,459,449,"86,9","95,7",58,19,"11,0","4,1"
"Nagymagyar","Zlaté Klasy",3571,3475,1563,2352,"43,8","67,7",1242,853,"34,8","24,5"
"Nagymegyer","Veľký Meder",8859,9113,6696,7705,"75,6","84,5",1238,1226,"14,0","13,5"
"Nagypaka","Veľká Paka",879,676,373,376,"42,4","55,6",494,286,"56,2","42,3"
"Nagyszarva","Rohovce",1192,1037,852,909,"71,5","87,7",204,120,"17,1","11,6"
"Nagyudvarnok","Veľké Dvorníky",1028,795,813,762,"79,1","95,8",126,25,"12,3","3,1"
"Nemeshódos","Vydrany",1456,1390,1203,1187,"82,6","85,4",220,170,"15,1","12,2"
"Nyárasd","Topoľníky",3045,3015,2690,2805,"88,3","93,0",186,158,"6,1","5,2"
"Nyékvárkony","Vrakúň",2578,2537,2183,2351,"84,7","92,7",314,180,"12,2","7,1"
"Olgya","Oľdza",403,258,239,242,"59,3","93,8",145,14,"36,0","5,4"
"Padány","Padáň",861,863,764,815,"88,7","94,4",69,45,"8,0","5,2"
"Patonyrét – 1","Potônske Lúky",263,,196,,"74,5",,61,,"23,2",
"Pódatejed","Povoda",877,762,637,599,"72,6","78,6",201,139,"22,9","18,2"
"Pozsonycsákány","Čakany",570,561,421,484,"73,9","86,3",121,60,"21,2","10,7"
"Pozsonyeperjes","Jahodná",1477,1374,1250,1292,"84,6","94,0",182,64,"12,3","4,7"
"Sárosfa","Blatná na Ostrove",860,826,667,726,"77,6","87,9",158,84,"18,4","10,2"
"Sárrét","Blahová",356,359,126,187,"35,4","52,1",189,157,"53,1","43,7"
"Somorja","Šamorín",12726,12143,7309,8091,"57,4","66,6",4365,3760,"34,3","31,0"
"Szap","Sap",535,540,505,520,"94,4","96,3",24,13,"4,5","2,4"
"Szentmihályfa","Michal na Ostrove",915,711,692,633,"75,6","89,0",175,58,"19,1","8,2"
"Úszor","Kvetoslavov",949,822,310,378,"32,7","46,0",576,383,"60,7","46,6"
"Vajka","Vojka nad Dunajom",460,432,327,379,"71,1","87,7",122,51,"26,5","11,8"
"Vásárút","Trhová Hradská",2160,2125,1947,2011,"90,1","94,6",171,82,"7,9","3,9"
"Vitény","Bellova Ves",229,162,76,73,"33,2","45,1",130,86,"56,8","53,1"
,,,,,,,,,,,
"Galántai járás",,93594,94533,32793,36518,"35,0","38,6",55816,56213,"59,6","59,5"
,,,,,,,,,,,
"Alsóhatár","Dolný Chotár ",403,224,185,209,"45,9","93,3",137,14,"34,0","6,3"
"Alsószeli","Dolné Saliby ",1933,1922,1383,1500,"71,5",78,530,414,"27,4","21,5"
"Diószeg","Sládkovičovo ",5479,6078,1737,2340,"31,7","38,5",3524,3614,"64,3","59,5"
"Feketenyék","Čierna Voda ",1397,1375,1219,1271,"87,3","92,4",159,99,"11,4","7,2"
"Felsőszeli","Horné Saliby ",3220,3134,1953,2100,"60,7",67,1165,1001,"36,2","31,9"
"Galánta","Galanta",15138,16365,4623,6022,"30,5","36,8",8833,9877,"58,3","60,4"
"Hidaskürt","Mostová ",1595,1600,1269,1409,"79,6","88,1",283,177,"17,7","11,1"
"Jánosháza","Jánovce",462,448,107,148,"23,2",33,344,291,"74,5",65
"Jóka","Jelka ",3906,3864,2314,2642,"59,2","68,4",1396,1086,"35,7","28,1"
"Királyrév","Kráľov Brod ",1156,1187,919,991,"79,5","83,5",217,184,"18,8","15,5"
"Kismácséd – 2","Malá Mača",584,,284,,"48,6",,279,,"47,8",
"Kosút","Košúty ",1556,1447,739,878,"47,5","60,7",712,548,"45,8","37,9"
"Nádszeg","Trstice ",3805,3795,3414,3557,"89,7","93,7",351,180,"9,2","4,7"
"Nagyfödémes","Veľké Úľany ",4330,4180,2757,2971,"63,7","71,1",1468,1164,"33,9","27,8"
"Nagymácséd","Veľká Mača ",2603,2566,1982,2176,"76,1","84,8",529,364,"20,3","14,2"
"Nemeskajal","Kajal ",1499,1417,891,1004,"59,4","70,9",496,358,"33,1","25,3"
"Szered","Sereď",16235,17406,305,229,"1,9","1,3",14759,16737,"90,9","96,2"
"Taksony","Matúškovo ",2031,1880,1178,1205,"58,0","64,1",764,669,"37,6","35,6"
"Tallós","Tomášikovo ",1601,1569,1351,1381,"84,4",88,188,137,"11,7","8,7"
"Tósnyárasd","Topoľnica ",807,836,405,446,"50,2","53,3",392,369,"48,6","44,1"
"Vága","Váhovce ",2083,2021,1344,1558,"64,5","77,1",685,444,"32,9",22
"Vezekény","Vozokany ",1164,1114,894,925,"76,8",83,234,180,"20,1","16,2"
"Vízkelet","Čierny Brod ",1592,1524,1286,1374,"80,8","90,2",240,143,"15,1","9,4"
,,,,,,,,,,,
"Vágsellyei járás",,53286,54000,16717,19283,"31,4","35,7",32344,33435,"60,7","61,9"
,,,,,,,,,,,
"Deáki","Diakovce ",2204,2187,1447,1564,"65,7","71,5",710,596,"32,2","27,3"
"Farkasd","Vlčany ",3328,3394,2284,2458,"68,6","72,4",951,864,"28,6","25,5"
"Felsőkirályi","Horná Kráľová ",1881,1916,242,346,"12,9","18,1",1615,1555,"85,9","81,2"
"Negyed","Neded ",3301,3177,1820,1982,"55,1","62,4",1241,988,"37,6","31,1"
"Pered","Tešedíkovo ",3716,3700,2910,3063,"78,3","82,8",783,592,"21,1","16,0"
"Sókszelőce","Selice ",2859,2832,1416,1682,"49,5","59,4",1241,1011,"43,4","35,7"
"Tornóc","Trnovec nad Váhom ",2652,2541,469,607,"17,7","23,9",2018,1900,"76,1","74,8"
"Vághosszúfalu","Dlhá nad Váhom ",865,895,513,640,"59,3","71,5",335,239,"38,7","26,7"
"Vágkirályfa","Kráľová nad Váhom ",1691,1531,1149,1273,"67,9","83,1",485,238,"28,7","15,5"
"Vágsellye","Šaľa ",23554,24564,3333,4392,"14,2","17,9",17147,19583,"72,8","79,7"
"Zsigárd","Žihárec ",1638,1592,1079,1200,"65,9","75,4",512,372,"31,3","23,4"
,,,,,,,,,,,
"Érsekújvári járás",,144417,149594,48483,57271,"33,6","38,3",84006,89051,"58,2","59,5"
,,,,,,,,,,,
"Andód","Andovce ",1358,1224,714,818,"52,6","66,8",548,388,"40,4","31,7"
"Bajta","Bajtava ",403,401,336,366,"83,4","91,3",36,24,"8,9","6,0"
"Baracska","Bardoňovo ",786,886,233,342,"29,6","38,6",454,536,"57,8","60,5"
"Bart","Bruty",618,701,512,636,"82,8","90,7",54,49,"8,7","7,0"
"Béla","Belá ",370,443,282,339,"76,2","76,5",65,85,"17,6","19,2"
"Bény","Bíňa ",1464,1438,1211,1289,"82,7","89,6",192,130,"13,1","9,0"
"Csúz","Dubník ",1695,1775,914,1143,"53,9","64,4",591,580,"34,9","32,7"
"Ebed","Obid",1174,1165,931,1026,"79,3","88,1",170,119,"14,5","10,2"
"Érsekújvár","Nové Zámky ",39646,42262,8863,11632,"22,4","27,5",25618,29446,"64,6","69,7"
"Für","Rúbaň ",972,964,707,822,"72,7","85,3",167,127,"17,2","13,2"
"Garamkövesd","Kamenica nad Hronom ",1365,1300,877,1017,"64,2","78,2",398,256,"29,2","19,7"
"Garampáld","Pavlová ",250,288,227,273,"90,8","94,8",14,14,"5,6","4,9"
"Helemba","Chľaba ",695,702,543,609,"78,1","86,8",123,84,"17,7","12,0"
"Kamocsa","Komoča ",918,922,689,778,"75,1","84,4",158,132,"17,2","14,3"
"Kéménd","Kamenín ",1523,1529,1179,1374,"77,4","89,9",250,116,"16,4","7,6"
"Kicsind","Malá nad Hronom ",394,405,349,380,"88,6","93,8",37,17,"9,4","4,2"
"Kisgyarmat","Sikenička ",451,499,398,459,"88,2","92,0",42,37,"9,3","7,4"
"Kiskeszi","Malé Kosihy ",386,416,357,404,"92,5","97,1",26,9,"6,7","2,2"
"Kisújfalu","Nová Vieska ",737,799,645,703,"87,5","88,0",84,91,"11,4","11,4"
"Köbölkút","Gbelce ",2218,2311,1513,1718,"68,2","74,3",581,511,"26,2","22,1"
"Kőhídgyarmat","Kamenný Most",1034,1034,875,931,"84,6","90,0",121,91,"11,7","8,8"
"Kürt","Strekov ",2086,2233,1708,1983,"81,9","88,8",248,213,"11,9","9,5"
"Leléd","Leľa ",375,396,307,343,"81,9","86,6",48,46,"12,8","11,6"
"Libád","Ľubá ",462,458,335,398,"72,5","86,9",88,51,"19,0","11,1"
"Muzsla","Mužla ",1923,1937,1427,1640,"74,2","84,7",380,268,"19,8","13,8"
"Nagykér","Veľký Kýr ",3008,3190,1634,2051,"54,3","64,3",1318,1125,"43,8","35,3"
"Nána","Nána ",1180,1162,831,871,"70,4","75,0",266,263,"22,5","22,6"
"Párkány","Štúrovo ",10919,11708,6624,8048,"60,7","68,7",2930,3294,"26,8","28,1"
"Pozba","Pozba ",509,575,379,443,"74,5","77,0",112,123,"22,0","21,4"
"Sárkány","Šarkan ",366,350,264,300,"72,1","85,7",58,37,"15,8","10,6"
"Szalka","Salka ",1052,1075,960,1001,"91,3","93,1",72,62,"6,8","5,8"
"Szímő","Zemné ",2281,2201,1605,1645,"70,4","74,7",445,330,"19,5","15,0"
"Szőgyén","Svodín ",2574,2649,1808,2040,"70,2","77,0",600,520,"23,3","19,6"
"Tardoskedd","Tvrdošovce ",5188,5120,3234,3653,"62,3","71,3",1653,1383,"31,9","27,0"
"Udvard","Dvory nad Žitavou ",5164,5138,3208,3684,"62,1","71,7",1550,1323,"30,0","25,7"
"Újlót","Veľké Lovce",1955,2121,175,209,"9,0","9,9",1638,1815,"83,8","85,6"
"Zsitvabesenyő","Bešeňov ",1695,1723,1205,1380,"71,1","80,1",467,337,"27,6","19,6"
,,,,,,,,,,,
"Nyitrai járás",,159143,163540,9076,10956,"5,7","6,7",139866,149060,"87,9","91,1"
,,,,,,,,,,,
"Alsóbodok","Dolné Obdokovce",1188,1159,699,805,"58,8","69,5",452,341,"38,0","29,4"
"Alsócsitár - 3","Štitáre",707,,191,,"27,0",,487,,"68,9",
"Bábindál","Babindol",667,671,147,204,"22,0","30,4",485,460,"72,7","68,6"
"Barancs","Branč",2174,2015,447,619,"20,6","30,7",1622,1382,"74,6","68,6"
"Csehi","Čechynce",1050,1024,475,550,"45,2","53,7",552,467,"52,6","45,6"
"Csiffár","Čifáre",604,591,173,254,"28,6","43,0",408,334,"67,5","56,5"
"Gímes","Jelenec",2033,1942,542,711,"26,7","36,6",1376,1217,"67,7","62,7"
"Kalász","Klasov",1241,1259,421,543,"33,9","43,1",747,698,"60,2","55,4"
"Kolon","Kolíňany",1570,1444,780,859,"49,7","59,5",678,563,"43,2","39,0"
"Nagycétény","Veľký Cetín",1604,1724,1108,1374,"69,1","79,7",473,341,"29,5","19,8"
"Nagyhind","Veľké Chyndice",304,350,53,87,"17,4","24,9",249,260,"81,9","74,3"
"Nyitra ","Nitra",78916,87285,1443,1489,"1,8","1,7",70447,83285,"89,3","95,4"
"Nyitragerencsér","Nitrianske Hrnčiarovce",1921,1753,414,573,"21,6","32,7",1442,1128,"75,1","64,3"
"Nyitrageszte","Hosťová",361,378,242,312,"67,0","82,5",117,66,"32,4","17,5"
"Pográny","Pohranice",1074,1065,504,632,"46,9","59,3",561,428,"52,2","40,2"
"Verebély","Vráble",8970,9493,339,445,"3,8","4,7",8318,8859,"92,7","93,3"
"Zsére","Žirany",1355,1287,636,801,"46,9","62,2",669,474,"49,4","36,8"
,,,,,,,,,,,
"Aranyosmaróti járás",,41402,43622,392,483,"0,9","1,1",39410,42322,"95,2",97
"Barslédec","Ladice",741,813,236,355,"31,8","43,7",445,447,"60,1",55
,,,,,,,,,,,
"Komáromi járás",,103995,108556,66356,74976,"63,8","69,1",29463,30079,"28,3","27,7"
,,,,,,,,,,,
"Bajcs","Bajč ",1242,1219,549,693,"44,2","56,8",584,495,"47,0","40,6"
"Bátorkeszi","Bátorove Kosihy ",3415,3514,2671,2930,"78,2","83,4",614,548,"18,0","15,6"
"Bogya","Bodza ",372,364,327,338,"87,9","92,9",41,26,"11,0","7,1"
"Bogyarét","Bodzianske Lúky ",203,223,186,212,"91,6","95,1",14,11,"6,9","4,9"
"Búcs","Búč ",1190,1243,1084,1164,"91,1","93,6",92,79,"7,7","6,4"
"Csallóközaranyos","Zlatná na Ostrove",2404,2566,2045,2322,"85,1","90,5",282,206,"11,7","8,0"
"Csicsó","Číčov ",1292,1397,1118,1278,"86,5","91,5",112,113,"8,7","8,1"
"Dunamocs","Moča",1151,1194,1057,1098,"91,8","92,0",68,64,"5,9","5,4"
"Dunaradvány","Radvaň nad Dunajom",725,738,653,675,"90,1","91,5",67,59,"9,2","8,0"
"Ekel","Okoličná na Ostrove",1521,1461,1247,1295,"82,0","88,6",167,152,"11,0","10,4"
"Füss","Trávnik",698,703,570,642,"81,7","91,3",123,59,"17,6","8,4"
"Gellér","Holiare ",468,424,421,394,"90,0","92,9",14,19,"3,0","4,5"
"Gúta","Kolárovo",10696,10823,8201,8742,"76,7","80,8",2083,1890,"19,5","17,5"
"Hetény","Chotín ",1383,1448,1157,1261,"83,7","87,1",201,182,"14,5","12,6"
"Ifjúságfalva","Dedina Mládeže ",468,521,296,347,"63,2","66,6",136,159,"29,1","30,5"
"Imely","Imeľ ",2054,2227,878,1036,"42,7","46,5",1125,1159,"54,8","52,0"
"Izsa","Iža",1643,1589,1066,1156,"64,9","72,8",461,385,"28,1","24,2"
"Karva","Kravany nad Dunajom",748,789,554,639,"74,1","81,0",146,138,"19,5","17,5"
"Keszegfalva","Kameničná",1929,1793,1334,1409,"69,2","78,6",407,345,"21,1","19,2"
"Kolozsnéma","Klížska Nemá",520,579,482,534,"92,7","92,2",31,40,"6,0","6,9"
"Komárom","Komárno ",34349,37366,18506,22452,"53,9","60,1",11509,12960,"33,5","34,7"
"Lakszakállas","Sokolce",1218,1275,1106,1165,"90,8","91,4",94,80,"7,7","6,3"
"Madar","Modrany",1462,1445,1205,1233,"82,4","85,3",121,124,"8,3","8,6"
"Marcelháza","Marcelová",3751,3822,3228,3381,"86,1","88,5",442,377,"11,8","9,9"
"Martos","Martovce",694,766,610,694,"87,9","90,6",76,63,"11,0","8,2"
"Megyercs","Čalovec ",1197,1172,743,855,"62,1","73,0",303,295,"25,3","25,2"
"Nagykeszi","Veľké Kosihy",990,970,770,830,"77,8","85,6",183,108,"18,5","11,1"
"Naszvad","Nesvady",5068,5014,2717,2957,"53,6","59,0",1809,1780,"35,7","35,5"
"Nemesócsa","Zemianska Olča",2462,2627,2014,2358,"81,8","89,8",372,234,"15,1","8,9"
"Ógyalla","Hurbanovo ",7751,8153,3196,4092,"41,2","50,2",3753,3711,"48,4","45,5"
"Pat","Patince",509,490,432,448,"84,9","91,4",54,38,"10,6","7,8"
"Perbete","Pribeta",2974,3137,2192,2403,"73,7","76,6",750,713,"25,2","22,7"
"Szentpéter","Svätý Peter",2734,2621,1870,1930,"68,4","73,6",780,675,"28,5","25,8"
"Szilas","Brestovec ",473,484,450,466,"95,1","96,3",10,15,"2,1","3,1"
"Tany","Tôň",803,834,703,734,"87,5","88,0",87,61,"10,8","7,3"
"Vágfüzes","Vrbová nad Váhom",559,563,451,502,"80,7","89,2",83,59,"14,8","10,5"
"Virt","Virt",285,302,170,204,"59,6","67,5",92,96,"32,3","31,8"
"Zsemlékes","Lipové",159,195,24,28,"15,1","14,4",126,160,"79,2","82,1"
,,,,,,,,,,,
"Lévai járás",,115367,120021,28085,33524,"24,3","27,9",79511,82993,"68,9","69,1"
,,,,,,,,,,,
"Alsószemeréd","Dolné Semerovce",542,499,212,296,"39,1","59,3",264,93,"48,7","18,6"
"Bajka","Bajka",324,333,58,89,"17,9","26,7",259,242,"79,9","72,7"
"Barsvárad","Tekovský Hrádok",335,326,142,184,"42,4","56,4",188,139,"56,1","42,6"
"Bese","Beša",650,669,252,269,"38,8","40,2",363,356,"55,8","53,2"
"Bori","Bory",313,333,99,152,"31,6","45,6",210,180,"67,1","54,1"
"Csata","Čata",1074,1207,666,828,"62,0","68,6",341,329,"31,8","27,3"
"Déménd","Demandice",1008,1036,270,335,"26,8","32,3",705,688,"69,9","66,4"
"Egeg","Hokovce",534,595,220,277,"41,2","46,6",296,306,"55,4","51,4"
"Endréd","Ondrejovce",470,459,126,164,"26,8","35,7",294,281,"62,6","61,2"
"Farnad","Farná",1307,1450,940,1114,"71,9","76,8",326,314,"24,9","21,7"
"Fegyvernek","Zbrojníky",504,514,148,165,"29,4","32,1",352,348,"69,8","67,7"
"Felsőpél","Horný Pial",279,291,104,152,"37,3","52,2",145,137,"52,0","47,1"
"Felsőszecse","Horná Seč",522,480,91,111,"17,4","23,1",423,359,"81,0","74,8"
"Felsőszemeréd","Horné Semerovce",610,633,276,344,"45,2","54,3",314,278,"51,5","43,9"
"Felsőtúr","Horné Turovce",605,621,379,422,"62,6","68,0",211,193,"34,9","31,1"
"Garamlök","Lok",1022,1015,131,174,"12,8","17,1",851,802,"83,3","79,0"
"Garamsalló","Šalov",381,445,237,323,"62,2","72,6",97,83,"25,5","18,7"
"Garamszentgyörgy","Jur nad Hronom",920,935,318,391,"34,6","41,8",562,519,"61,1","55,5"
"Gyerk","Hrkovce",293,339,153,196,"52,2","57,8",124,140,"42,3","41,3"
"Hontfüzesgyarmat","Hontianska Vrbica",568,574,177,212,"31,2","36,9",371,347,"65,3","60,5"
"Ipolybél","Bielovce",232,274,186,251,"80,2","91,6",28,17,"12,1","6,2"
"Ipolyfödémes","Ipeľské Úľany",301,369,270,329,"89,7","89,2",26,34,"8,6","9,2"
"Ipolypásztó","Pastovce",528,561,359,413,"68,0","73,6",150,136,"28,4","24,2"
"Ipolyság","Šahy",7624,8061,4410,5015,"57,8","62,2",2959,2787,"38,8","34,6"
"Ipolyszakállos","Ipeľský Sokolec",861,862,580,744,"67,4","86,3",232,111,"26,9","12,9"
"Ipolyvisk","Vyškovce nad Ipľom",666,704,445,559,"66,8","79,4",167,135,"25,1","19,2"
"Kálna","Kalná nad Hronom",2022,2073,283,335,"14,0","16,2",1631,1577,"80,7","76,1"
"Kéty","Keť",662,703,580,655,"87,6","93,2",69,45,"10,4","6,4"
"Kisóvár","Starý Hrádok",192,178,34,24,"17,7","13,5",129,154,"67,2","86,5"
"Kisölved","Malé Ludince",183,204,148,169,"80,9","82,8",26,35,"14,2","17,2"
"Lekér","Hronovce",1498,1470,619,706,"41,3","48,0",771,661,"51,5","45,0"
"Léva","Levice",34844,36538,3202,4469,"9,2","12,2",27050,30997,"77,6","84,8"
"Lontó","Lontov",702,629,378,446,"53,8","70,9",283,155,"40,3","24,6"
"Málas","Málaš",493,562,180,289,"36,5","51,4",302,265,"61,3","47,2"
"Nagyod","Vyšné nad Hronom",177,182,86,113,"48,6","62,1",83,63,"46,9","34,6"
"Nagyölved","Veľké Ludince",1565,1682,1202,1389,"76,8","82,6",319,263,"20,4","15,6"
"Nagysalló","Tekovské Lužany",2907,2926,841,1035,"28,9","35,4",1915,1771,"65,9","60,5"
"Nagysáró","Šarovce",1654,1621,752,746,"45,5","46,0",796,616,"48,1","38,0"
"Nagytúr","Veľké Turovce",752,805,435,489,"57,8","60,7",311,307,"41,4","38,1"
"Nemesoroszi","Kukučínov",626,595,162,194,"25,9","32,6",447,388,"71,4","65,2"
"Nyírágó","Nýrovce",563,569,351,415,"62,3","72,9",198,153,"35,2","26,9"
"Oroszka","Pohronský Ruskov",1286,1326,720,817,"56,0","61,6",510,478,"39,7","36,0"
"Palást","Plášťovce",1638,1735,1062,1201,"64,8","69,2",555,498,"33,9","28,7"
"Peszektergenye","Sikenica",657,629,168,254,"25,6","40,4",414,358,"63,0","56,9"
"Szalatnya","Slatina",353,348,159,195,"45,0","56,0",186,107,"52,7","30,7"
"Százd","Sazdice",484,439,238,270,"49,2","61,5",234,160,"48,3","36,4"
"Szete","Kubáňovo",295,317,205,248,"69,5","78,2",73,64,"24,7","20,2"
"Tompa","Tupá",597,622,184,214,"30,8","34,4",405,404,"67,8","65,0"
"Töhöl","Tehla",525,553,92,118,"17,5","21,3",408,410,"77,7","74,1"
"Tőre","Turá",228,236,129,143,"56,6","60,6",97,89,"42,5","37,7"
"Újbars","Nový Tekov",826,835,92,104,"11,1","12,5",717,692,"86,8","82,9"
"Vámosladány","Mýtne Ludany",973,897,360,410,"37,0","45,7",590,481,"60,6","53,6"
"Zalaba","Zalaba",177,177,152,152,"85,9","85,9",25,25,"14,1","14,1"
"Zselíz","Želiezovce",7186,7522,3501,3855,"48,7","51,2",3550,3543,"49,4","47,1"
"Zsemlér","Žemliare",167,163,120,117,"71,9","71,8",46,40,"27,5","24,5"
,,,,,,,,,,,
"Nagykürtösi járás",,45562,46741,10939,12823,"24,0","27,4",29841,31796,"65,5","68,0"
,,,,,,,,,,,
"Apátújfalu","Opatovská Nová Ves",719,635,394,445,"54,8","70,1",252,184,"35,0","29,0"
"Bátorfalu","Bátorová",362,378,59,110,"16,3","29,1",294,267,"81,2","70,6"
"Bussa","Bušince",1451,1379,429,555,"29,6","40,2",813,745,"56,0","54,0"
"Csáb","Čebovce",1063,1056,704,760,"66,2","72,0",306,285,"28,8","27,0"
"Csalár","Čeláre",479,502,149,178,"31,1","35,5",296,228,"61,8","45,4"
"Dacsókeszi","Kosihovce",606,597,162,207,"26,7","34,7",398,379,"65,7","63,5"
"Felsőzellő","Veľké Zlievce",493,502,52,121,"10,5","24,1",419,355,"85,0","70,7"
"Galábocs","Glabušovce",117,109,43,57,"36,8","52,3",58,51,"49,6","46,8"
"Gyürki","Ďurkovce",130,137,76,87,"58,5","63,5",48,50,"36,9","36,5"
"Haraszti","Chrastince",242,230,33,49,"13,6","21,3",171,175,"70,7","76,1"
"Inám","Dolinka",480,513,442,496,"92,1","96,7",35,14,"7,3","2,7"
"Ipolnyék","Vinica",1870,1961,1577,1723,"84,3","87,9",259,228,"13,9","11,6"
"Ipolybalog","Balog nad Ipľom",846,811,717,713,"84,8","87,9",113,90,"13,4","11,1"
"Ipolyhidvég","Ipeľské Predmostie",633,650,456,499,"72,0","76,8",132,138,"20,9","21,2"
"Ipolykér","Kiarov",308,332,176,245,"57,1","73,8",112,78,"36,4","23,5"
"Ipolykeszi","Kosihy nad Ipľom",470,495,357,422,"76,0","85,3",93,69,"19,8","13,9"
"Ipolynagyfalu","Veľká Ves nad Ipľom",419,430,292,348,"69,7","80,9",99,80,"23,6","18,6"
"Ipolyszécsényke","Sečianky",385,421,287,369,"74,5","87,6",62,27,"16,1","6,4"
"Ipolyvarbó","Vrbovka",363,439,304,366,"83,7","83,4",55,62,"15,2","14,1"
"Kelenye","Kleňany",297,336,270,310,"90,9","92,3",22,22,"7,4","6,5"
"Kiscsalomja","Malá Čalomija",209,248,33,35,"15,8","14,1",172,210,"82,3","84,7"
"Kóvár","Koláre",272,313,190,253,"69,9","80,8",70,57,"25,7","18,2"
"Kőkeszi","Kamenné Kosihy",354,362,241,254,"68,1","70,2",108,104,"30,5","28,7"
"Leszenye","Lesenice",522,571,56,235,"10,7","41,2",448,328,"85,8","57,4"
"Lukanénye","Nenince",1391,1394,1111,1085,"79,9","77,8",263,305,"18,9","21,9"
"Nagycsalomja","Veľká Čalomija",603,626,373,413,"61,9","66,0",213,209,"35,3","33,4"
"Nagykürtös ","Veľký Krtíš",12999,14013,645,869,"5,0","6,2",9649,12182,"74,2","86,9"
"Óvár","Olováry",302,342,228,255,"75,5","74,6",74,84,"24,5","24,6"
"Rárósmulyad","Muľa",318,273,104,81,"32,7","29,7",167,161,"52,5","59,0"
"Sirak","Širákov",216,255,141,194,"65,3","76,1",66,61,"30,6","23,9"
"Szécsénykovácsi","Kováčovce",375,380,206,251,"54,9","66,1",140,119,"37,3","31,3"
"Szelény","Seľany",204,233,92,126,"45,1","54,1",111,105,"54,4","45,1"
"Terbegec","Trebušovce",201,198,144,160,"71,6","80,8",48,37,"23,9","18,7"
"Tótgyarmat","Slovenské Ďarmoty",565,574,76,110,"13,5","19,2",407,454,"72,0","79,1"
"Zsély","Želovce",1331,1307,175,287,"13,1","22,0",1063,1001,"79,9","76,6"
,,,,,,,,,,,
"Losonci járás",,74861,72837,17338,20072,"23,2","27,6",45301,49266,"60,5","67,6"
,,,,,,,,,,,
"Béna","Belina",642,607,497,549,"77,4","90,4",63,36,"9,8","5,9"
"Bolgárom","Bulhary",305,287,279,242,"91,5","84,3",17,15,"5,6","5,2"
"Bolyk","Boľkovce",650,669,125,169,"19,2","25,3",441,487,"67,8","72,8"
"Csákányháza","Čakanovce",1111,931,871,669,"78,4","71,9",98,100,"8,8","10,7"
"Csoma","Čamovce",577,524,345,409,"59,8","78,1",74,84,"12,8","16,0"
"Fülek ","Fiľakovo",10817,10198,5792,6568,"53,5","64,4",3031,3079,"28,0","30,2"
"Fülekkovácsi","Fiľakovské Kováče",908,898,421,494,"46,4","55,0",368,348,"40,5","38,8"
"Fülekpüspöki","Biskupice",1138,1110,810,861,"71,2","77,6",231,211,"20,3","19,0"
"Galsa","Holiša",689,557,317,310,"46,0","55,7",313,212,"45,4","38,1"
"Ipolynyitra","Nitra nad Ipľom",345,273,41,105,"11,9","38,5",54,134,"15,7","49,1"
"Jelsőc","Jelšovec",310,257,31,88,"10,0","34,2",265,147,"85,5","57,2"
"Kalonda","Kalonda",216,239,116,152,"53,7","63,6",78,74,"36,1","31,0"
"Keresztúr","Nové Hony (2001-Poltári járás)",186,205,22,44,"11,8","21,5",157,157,"84,4","76,6"
"Losonc ","Lučenec",28475,28332,2660,3713,"9,3","13,1",19895,23127,"69,9","81,6"
"Miksi","Mikušovce",279,270,57,72,"20,4","26,7",216,191,"77,4","70,7"
"Mucsiny","Mučín",750,688,130,202,"17,3","29,4",526,458,"70,1","66,6"
"Nagydaróc","Veľké Dravce",688,621,371,455,"53,9","73,3",196,145,"28,5","23,3"
"Panyidaróc","Panické Dravce",743,729,263,336,"35,4","46,1",438,380,"59,0","52,1"
"Perse","Prša",197,195,140,177,"71,1","90,8",33,16,"16,8","8,2"
"Pilis","Pleš",218,224,83,115,"38,1","51,3",104,106,"47,7","47,3"
"Pinc","Pinciná (2001-Poltári járás)",245,259,85,125,"34,7","48,3",138,131,"56,3","50,6"
"Ragyolc","Radzovce",1574,1600,1059,1154,"67,3","72,1",404,364,"25,7","22,8"
"Rapp","Rapovce",979,932,286,414,"29,2","44,4",387,433,"39,5","46,5"
"Sávoly","Šávoľ",573,560,385,471,"67,2","84,1",113,79,"19,7","14,1"
"Síd","Šíd",1227,1162,1025,837,"83,5","72,0",114,107,"9,3","9,2"
"Sőreg","Šurice",481,538,390,483,"81,1","89,8",62,53,"12,9","9,9"
"Terbeléd","Trebeľovce",943,978,152,247,"16,1","25,3",694,694,"73,6","71,0"
"Tőrincs","Trenč",480,359,63,108,"13,1","30,1",191,186,"39,8","51,8"
"Vilke","Veľká nad Ipľom",947,908,330,463,"34,8","51,0",471,406,"49,7","44,7"
,,,,,,,,,,,
"Rimaszombati járás",,84889,83124,30516,34323,"35,9","41,3",40318,43492,"47,5","52,3"
,,,,,,,,,,,
"Abafalva","Abovce",593,606,397,402,"66,9","66,3",135,117,"22,8","19,3"
"Ajnácskő","Hajnáčka",1193,1164,972,1004,"81,5","86,3",183,146,"15,3","12,5"
"Almágy","Gemerský Jablonec",693,701,536,629,"77,3","89,7",77,61,"11,1","8,7"
"Alsóvály","Valice",333,304,225,185,"67,6","60,9",68,62,"20,4","20,4"
"Balogfala","Blhovce",791,814,480,626,"60,7","76,9",109,97,"13,8","11,9"
"Balogtamási","Tomášovce",192,209,137,155,"71,4","74,2",36,29,"18,8","13,9"
"Balogújfalu","Vieska nad Blhom",164,150,149,144,"90,9","96,0",10,6,"6,1","4,0"
"Baraca","Barca",512,394,356,337,"69,5","85,5",59,17,"11,5","4,3"
"Bátka","Bátka",968,919,700,664,"72,3","72,3",206,171,"21,3","18,6"
"Bellény","Belín",193,172,79,56,"40,9","32,6",107,113,"55,4","65,7"
"Cakó","Cakov",296,263,181,222,"61,1","84,4",6,11,"2,0","4,2"
"Csíz","Číž",666,690,417,493,"62,6","71,4",167,169,"25,1","24,5"
"Darnya","Drňa",204,218,153,173,"75,0","79,4",26,39,"12,7","17,9"
"Détér","Gemerské Dechtáre",451,467,386,452,"85,6","96,8",34,13,"7,5","2,8"
"Dobfenek","Dubno",153,138,135,134,"88,2","97,1",13,4,"8,5","2,9"
"Dobóca","Dubovec",555,537,347,445,"62,5","82,9",78,69,"14,1","12,8"
"Dúlháza","Dulovo",205,201,61,60,"29,8","29,9",13,10,"6,3","5,0"
"Feled","Jesenské",2193,2259,1104,1284,"50,3","56,8",658,745,"30,0","33,0"
"Felsővály","Vyšné Valice",331,298,260,261,"78,5","87,6",28,34,"8,5","11,4"
"Füge","Figa",418,389,176,170,"42,1","43,7",171,164,"40,9","42,2"
"Gesztete","Hostice",1021,855,495,744,"48,5","87,0",85,45,"8,3","5,3"
"Gortvakisfalud","Gortva",528,493,414,273,"78,4","55,4",84,142,"15,9","28,8"
"Gömörlipóc","Lipovec",97,75,26,13,"26,8","17,3",51,57,"52,6","76,0"
"Gömörmihályfala","Gemerské Michalovce",99,97,78,76,"78,8","78,4",18,21,"18,2","21,6"
"Guszona","Husiná",538,501,379,389,"70,4","77,6",130,79,"24,2","15,8"
"Hanva","Chanava",710,721,616,636,"86,8","88,2",55,40,"7,7","5,5"
"Harmac","Chrámec",418,397,241,263,"57,7","66,2",56,46,"13,4","11,6"
"Hubó","Hubovo",142,154,119,136,"83,8","88,3",14,9,"9,9","5,8"
"Iványi","Ivanice",224,204,138,194,"61,6","95,1",28,3,"12,5","1,5"
"Jánosi","Rimavské Janovce",1319,1207,391,499,"29,6","41,3",629,638,"47,7","52,9"
"Jéne","Janice",211,184,205,177,"97,2","96,2",2,7,"0,9","3,8"
"Jeszte","Jestice",186,191,168,175,"90,3","91,6",18,6,"9,7","3,1"
"Kálosa","Kaloša",735,641,484,497,"65,9","77,5",103,97,"14,0","15,1"
"Kerekgede","Hodejovec",199,209,89,115,"44,7","55,0",99,89,"49,7","42,6"
"Kisgömör","Gemerček",102,117,86,98,"84,3","83,8",16,19,"15,7","16,2"
"Korlát","Konrádovce",323,331,203,257,"62,8","77,6",80,67,"24,8","20,2"
"Kövecses","Štrkovec",367,377,285,319,"77,7","84,6",43,39,"11,7","10,3"
"Lénártfalva","Lenartovce",543,546,507,426,"93,4","78,0",20,19,"3,7","3,5"
"Lenke","Lenka",195,202,122,129,"62,6","63,9",62,72,"31,8","35,6"
"Magyarhegymeg","Dolné Zahorany",196,206,167,193,"85,2","93,7",21,13,"10,7","6,3"
"Martonfala","Martinová",230,199,127,135,"55,2","67,8",40,26,"17,4","13,1"
"Medveshidegkút","Studená",281,275,227,231,"80,8","84,0",37,22,"13,2","8,0"
"Méhi","Včelince",818,760,545,505,"66,6","66,4",165,111,"20,2","14,6"
"Nagybalog","Veľký Blh",1210,1166,676,805,"55,9","69,0",350,331,"28,9","28,4"
"Naprágy","Neporadza",277,293,201,154,"72,6","52,6",47,64,"17,0","21,8"
"Óbást","Stará Bašta",326,378,288,356,"88,3","94,2",29,21,"8,9","5,6"
"Oldalfala","Stránska",344,334,133,151,"38,7","45,2",162,182,"47,1","54,5"
"Osgyán","Ožďany",1629,1577,328,411,"20,1","26,1",1102,1049,"67,6","66,5"
"Pádár","Padarovce",185,186,77,97,"41,6","52,2",101,87,"54,6","46,8"
"Pálfala","Pavlovce",379,352,293,191,"77,3","54,3",48,68,"12,7","19,3"
"Perjése","Dražice",266,217,127,141,"47,7","65,0",119,74,"44,7","34,1"
"Péterfala","Petrovce",250,268,215,258,"86,0","96,3",16,10,"6,4","3,7"
"Radnót","Radnovce",825,643,718,546,"87,0","84,9",20,11,"2,4","1,7"
"Rakottyás","Rakytník",317,238,182,209,"57,4","87,8",48,29,"15,1","12,2"
"Rimaszécs","Rimavská Seč",1936,1781,1763,1576,"91,1","88,5",92,84,"4,8","4,7"
"Rimaszombat ","Rimavská Sobota",24640,25088,7298,8846,"29,6","35,3",13301,14873,"54,0","59,3"
"Runya","Rumince",382,426,239,283,"62,6","66,4",128,138,"33,5","32,4"
"Sajókeszi","Kesovce",233,118,27,80,"11,6","67,8",9,13,"3,9","11,0"
"Sajórecske","Riečka",235,227,202,191,"86,0","84,1",30,28,"12,8","12,3"
"Sajószentkirály","Kráľ",969,932,532,649,"54,9","69,6",201,199,"20,7","21,4"
"Serke","Širkovce",936,884,495,760,"52,9","86,0",89,73,"9,5","8,3"
"Simonyi","Šimonovce",571,480,319,442,"55,9","92,1",68,24,"11,9","5,0"
"Szútor","Sútor",514,400,65,227,"12,6","56,8",18,96,"3,5","24,0"
"Tajti","Tachty",524,565,494,543,"94,3","96,1",9,13,"1,7","2,3"
"Újbást","Nová Bašta",537,546,402,493,"74,9","90,3",65,28,"12,1","5,1"
"Uzapanyit","Uzovská Panica",709,679,332,432,"46,8","63,6",146,146,"20,6","21,5"
"Várgede","Hodejov",1577,1387,530,891,"33,6","64,2",398,351,"25,2","25,3"
"Vecseklő","Večelkov",256,298,228,285,"89,1","95,6",20,11,"7,8","3,7"
"Velkenye","Vlkyňa",348,319,331,307,"95,1","96,2",16,8,"4,6","2,5"
"Zádorháza","Zádor",142,101,124,84,"87,3","83,2",18,3,"12,7","3,0"
"Zeherje","Zacharovce",420,413,133,81,"31,7","19,6",276,267,"65,7","64,6"
"Zsíp","Žíp",225,231,185,197,"82,2","85,3",32,30,"14,2","13,0"
,,,,,,,,,,,
"Nagyrőcei járás",,40400,40918,7738,8994,"19,2","22,0",26746,28412,"66,2","69,4"
,,,,,,,,,,,
"Alsófalu","Polina",126,120,83,86,"65,9","71,7",35,31,"27,8","25,8"
"Deresk","Držkovce",548,504,366,347,"66,8","68,8",82,34,"15,0","6,7"
"Felfalu","Chvalová",174,164,60,64,"34,5","39,0",60,98,"34,5","59,8"
"Felsőrás","Rašice",123,140,115,132,"93,5","94,3",6,8,"4,9","5,7"
"Gice","Hucín",877,781,167,207,"19,0","26,5",235,149,"26,8","19,1"
"Gömörfalva","Gemerská Ves",952,916,543,618,"57,0","67,5",256,175,"26,9","19,1"
"Gömörliget","Gemerský Sad",286,320,135,172,"47,2","53,8",132,120,"46,2","37,5"
"Lévárt","Leváre",100,104,86,88,"86,0","84,6",13,10,"13,0","9,6"
"Lice","Licince",705,623,214,361,"30,4","57,9",431,225,"61,1","36,1"
"Lökösháza","Levkuška",251,233,188,186,"74,9","79,8",25,30,"10,0","12,9"
"Nagyrőce ","Revúca",12828,13466,189,291,"1,5","2,2",10948,12405,"85,3","92,1"
"Otrokocs","Otročok",311,250,213,181,"68,5","72,4",93,66,"29,9","26,4"
"Sajógömör","Gemer",868,810,666,673,"76,7","83,1",135,93,"15,6","11,5"
"Szkáros","Skerešovo",246,248,87,115,"35,4","46,4",112,104,"45,5","41,9"
"Tornalja","Tornaľa",7509,8169,4331,5076,"57,7","62,1",2262,2432,"30,1","29,8"
"Visnyó","Višňové",60,55,30,29,"50,0","52,7",20,13,"33,3","23,6"
"Zsór","Žiar",164,185,112,137,"68,3","74,1",45,44,"27,4","23,8"
,,,,,,,,,,,
"Rozsnyói járás",,63351,61887,16103,18954,"25,4","30,6",37298,38967,"58,9","63,0"
,,,,,,,,,,,
"Barka","Bôrka",516,418,163,225,"31,6","53,8",42,47,"8,1","11,2"
"Beretke","Bretka",375,354,265,290,"70,7","81,9",46,41,"12,3","11,6"
"Berzéte","Brzotín",1316,1238,555,495,"42,2","40,0",629,535,"47,8","43,2"
"Borzova","Silická Brezová",171,192,128,141,"74,9","73,4",41,43,"24,0","22,4"
"Csoltó","Čoltovo",485,475,417,335,"86,0","70,5",52,45,"10,7","9,5"
"Csucsom","Čučma",652,557,271,272,"41,6","48,8",372,279,"57,1","50,1"
"Dernő","Drnava",704,676,478,482,"67,9","71,3",195,191,"27,7","28,3"
"Gömörhorka","Gemerská Hôrka",1338,1329,761,838,"56,9","63,1",425,334,"31,8","25,1"
"Gömörpanyit","Gemerská Panica",660,729,269,341,"40,8","46,8",360,379,"54,5","52,0"
"Hárskút","Lipovník",511,540,381,462,"74,6","85,6",117,73,"22,9","13,5"
"Hosszúszó","Dlhá Ves",586,639,465,554,"79,4","86,7",102,84,"17,4","13,1"
"Jablonca","Silická Jablonica",203,254,194,247,"95,6","97,2",8,6,"3,9","2,4"
"Jólész","Jovice",726,660,546,510,"75,2","77,3",130,134,"17,9","20,3"
"Kecső","Kečovo",375,431,331,396,"88,3","91,9",38,30,"10,1","7,0"
"Kiskovácsvágása","Kováčová",76,95,59,85,"77,6","89,5",16,8,"21,1","8,4"
"Kőrös","Kružná",484,534,360,433,"74,4","81,1",109,95,"22,5","17,8"
"Körtvélyes","Hrušov",334,359,280,318,"83,8","88,6",48,38,"14,4","10,6"
"Krasznahorkaváralja","Krásnohorské Podhradie",2575,2359,1013,1113,"39,3","47,2",548,551,"21,3","23,4"
"Kuntapolca","Kunova Teplica",655,653,199,269,"30,4","41,2",322,366,"49,2","56,0"
"Lekenye","Bohúňovo",296,320,246,279,"83,1","87,2",44,37,"14,9","11,6"
"Lucska","Lúčka",192,219,161,192,"83,9","87,7",29,21,"15,1","9,6"
"Melléte","Meliata",215,238,147,177,"68,4","74,4",31,46,"14,4","19,3"
"Páskaháza","Pašková",303,274,135,207,"44,6","75,5",143,63,"47,2","23,0"
"Pelsőc ","Plešivec",2405,2447,1031,1204,"42,9","49,2",1219,1076,"50,7","44,0"
"Pelsőcardó","Ardovo",159,177,94,123,"59,1","69,5",65,49,"40,9","27,7"
"Rozsnyó ","Rožňava",19706,19261,3909,5162,"19,8","26,8",11816,13343,"60,0","69,3"
"Rudna","Rudná",745,768,258,321,"34,6","41,8",429,439,"57,6","57,2"
"Szádalmás","Jablonov nad Turňou",808,860,650,746,"80,4","86,7",129,108,"16,0","12,6"
"Szalóc","Slavec",458,464,235,291,"51,3","62,7",157,136,"34,3","29,3"
"Szilice","Silica",562,599,438,533,"77,9","89,0",67,33,"11,9","5,5"
"Tornagörgő","Hrhov",1137,1219,939,1098,"82,6","90,1",156,111,"13,7","9,1"
"Várhosszúrét","Krásnohorská Dlhá Lúka",732,702,557,616,"76,1","87,7",137,84,"18,7","12,0"
,,,,,,,,,,,
"Kassa","Košice",240433,236093,6382,8940,"2,7","3,8",177581,210340,"73,9","89,1"
,,,,,,,,,,,
"Kassa-vidéki járás",,119227,106999,11845,14140,"9,9","13,2",88287,84846,"74,0","79,3"
,,,,,,,,,,,
"Abaújszina","Seňa",2091,2084,252,228,"12,1","10,9",1703,1819,"81,4","87,3"
"Áj","Háj",290,307,242,261,"83,4","85,0",35,31,"12,1","10,1"
"Alsólánc","Nižný Lánec",423,405,256,208,"60,5","51,4",53,48,"12,5","11,9"
"Bódvavendégi","Hosťovce",198,202,154,182,"77,8","90,1",43,19,"21,7","9,4"
"Buzita","Buzica",1195,1142,628,725,"52,6","63,5",425,367,"35,6","32,1"
"Csécs","Čečejovce",2048,1899,507,678,"24,8","35,7",1395,1148,"68,1","60,5"
"Debrőd","Debraď",375,391,201,270,"53,6","69,1",137,117,"36,5","29,9"
"Jánok","Janík",571,549,244,350,"42,7","63,8",291,193,"51,0","35,2"
"Jászó","Jasov",3351,2661,237,375,"7,1","14,1",2404,2165,"71,7","81,4"
"Kenyhec","Kechnec",1125,876,146,133,"13,0","15,2",840,731,"74,7","83,4"
"Komaróc","Komárovce",390,394,267,332,"68,5","84,3",109,62,"27,9","15,7"
"Makranc","Mokrance",1366,1321,375,467,"27,5","35,4",946,831,"69,3","62,9"
"Migléc","Milhosť",379,344,106,144,"28,0","41,9",223,189,"58,8","54,9"
"Nagyida","Veľká Ida",3256,2808,321,516,"9,9","18,4",1704,1381,"52,3","49,2"
"Péder","Peder",394,382,296,310,"75,1","81,2",86,43,"21,8","11,3"
"Perényhím","Perín-Chym",1407,1506,397,514,"28,2","34,1",935,983,"66,5","65,3"
"Reste","Rešica",345,377,250,341,"72,5","90,5",84,35,"24,3","9,3"
"Somodi","Drienovec",2126,1752,617,587,"29,0","33,5",847,1119,"39,8","63,9"
"Szádelő","Zádiel",168,187,133,162,"79,2","86,6",34,25,"20,2","13,4"
"Szádudvarnokméhész","Dvorníky-Včeláre",434,445,276,303,"63,6","68,1",128,140,"29,5","31,5"
"Szepsi","Moldava nad Bodvou",11068,9525,3279,4158,"29,6","43,7",4683,4847,"42,3","50,9"
"Szeszta","Cestice",824,796,312,376,"37,9","47,2",464,411,"56,3","51,6"
"Torna ","Turňa nad Bodvou",3511,3213,1316,1400,"37,5","43,6",1602,1411,"45,6","43,9"
"Tornahorváti","Chorváty",102,114,76,87,"74,5","76,3",26,16,"25,5","14,0"
"Tornaújfalu","Turnianska Nová Ves",324,362,297,329,"91,7","90,9",25,32,"7,7","8,8"
"Zsarnó","Žarnov",405,414,282,310,"69,6","74,9",106,104,"26,2","25,1"
,,,,,,,,,,,
"Tőketerebesi járás",,106072,103779,28145,30425,"26,5","29,3",63553,67200,"59,9","64,8"
,,,,,,,,,,,
"Ágcsernyő","Čierna",486,452,443,405,"91,2","89,6",41,32,"8,4","7,1"
"Bacska","Bačka",653,597,546,575,"83,6","96,3",27,18,"4,1","3,0"
"Bári","Bara",322,336,216,235,"67,1","69,9",88,96,"27,3","28,6"
"Battyán","Boťany",1256,1201,824,863,"65,6","71,9",159,112,"12,7","9,3"
"Bély","Biel",1474,1353,1036,1021,"70,3","75,5",366,315,"24,8","23,3"
"Bodrogszerdahely","Streda nad Bodrogom",2239,2459,1216,1476,"54,3","60,0",842,896,"37,6","36,4"
"Bodrogszög","Klin nad Bodrogom",213,195,102,117,"47,9","60,0",103,76,"48,4","39,0"
"Boly","Boľ",725,730,607,629,"83,7","86,2",109,87,"15,0","11,9"
"Borsi","Borša",1214,1298,545,653,"44,9","50,3",644,626,"53,0","48,2"
"Csarnahó","Černochov",208,228,135,176,"64,9","77,2",72,52,"34,6","22,8"
"Dobra","Dobrá",432,372,336,317,"77,8","85,2",83,36,"19,2","9,7"
"Imreg","Brehov",623,637,210,277,"33,7","43,5",398,350,"63,9","54,9"
"Királyhelmec","Kráľovský Chlmec",7698,8031,5670,6179,"73,7","76,9",1496,1515,"19,4","18,9"
"Kisgéres","Malý Horeš",1112,1149,1039,1098,"93,4","95,6",60,49,"5,4","4,3"
"Kiskövesd","Malý Kamenec",460,485,421,456,"91,5","94,0",32,27,"7,0","5,6"
"Kistárkány","Malé Trakany",1156,1054,998,926,"86,3","87,9",128,67,"11,1","6,4"
"Ladmóc","Ladmovce",337,348,297,302,"88,1","86,8",36,33,"10,7","9,5"
"Lelesz","Leles",1782,1900,1340,1434,"75,2","75,5",280,238,"15,7","12,5"
"Nagygéres","Veľký Horeš",1048,1005,789,845,"75,3","84,1",202,146,"19,3","14,5"
"Nagykövesd","Veľký Kamenec",806,848,692,752,"85,9","88,7",70,85,"8,7","10,0"
"Nagytárkány","Veľké Trakany",1425,1344,1115,1115,"78,2","83,0",238,213,"16,7","15,8"
"Őrös","Strážne",653,696,596,641,"91,3","92,1",51,52,"7,8","7,5"
"Perbenyik","Pribeník",1033,914,795,721,"77,0","78,9",223,167,"21,6","18,3"
"Pólyán","Poľany",535,517,403,429,"75,3","83,0",74,72,"13,8","13,9"
"Rad","Rad",556,561,366,426,"65,8","75,9",162,123,"29,1","21,9"
"Szentes","Svätuše",842,914,780,872,"92,6","95,4",41,33,"4,9","3,6"
"Szentmária","Svätá Mária",575,578,495,506,"86,1","87,5",58,70,"10,1","12,1"
"Szinyér","Svinice",234,237,208,211,"88,9","89,0",21,7,"9,0","3,0"
"Szolnocska","Soľnička",225,258,188,226,"83,6","87,6",24,30,"10,7","11,6"
"Szomotor","Somotor",1571,1679,1004,1162,"63,9","69,2",479,443,"30,5","26,4"
"Szőlőske","Viničky",516,522,277,327,"53,7","62,6",176,191,"34,1","36,6"
"Szürnyeg","Sirník",631,594,145,143,"23,0","24,1",469,422,"74,3","71,0"
"Tiszacsernyő","Čierna nad Tisou",3885,4645,2419,2792,"62,3","60,1",1298,1554,"33,4","33,5"
"Tőketerebes ","Trebišov",24401,22342,292,390,"1,2","1,7",17400,19407,"71,3","86,9"
"Vékge","Vojka",514,434,346,377,"67,3","86,9",68,52,"13,2","12,0"
"Zemplén","Zemplín",387,399,259,256,"66,9","64,2",115,113,"29,7","28,3"
"Zétény","Zatín",823,788,670,663,"81,4","84,1",122,109,"14,8","13,8"
,,,,,,,,,,,
"Nagymihályi járás",,110842,109121,12122,12819,"10,9","11,7",83312,89150,"75,2","81,7"
,,,,,,,,,,,
"Abara","Oborín",719,700,413,485,"57,4","69,3",265,198,"36,9","28,3"
"Bés","Beša",363,378,298,350,"82,1","92,6",44,26,"12,1","6,9"
"Budaháza","Budince",230,192,162,131,"70,4","68,2",10,13,"4,3","6,8"
"Csicser","Čičarovce",891,827,827,774,"92,8","93,6",53,52,"5,9","6,3"
"Deregnyő","Drahňov",1352,1076,299,627,"22,1","58,3",284,353,"21,0","32,8"
"Dobóruszka","Ruská",610,584,477,547,"78,2","93,7",60,37,"9,8","6,3"
"Hegyi","Zemplínske Kopčany",379,218,85,79,"22,4","36,2",274,138,"72,3","63,3"
"Iske","Ižkovce",105,120,88,111,"83,8","92,5",10,9,"9,5","7,5"
"Kaposkelecsény","Kapušianske Kľačany",880,808,507,595,"57,6","73,6",79,57,"9,0","7,1"
"Kisráska","Malé Raškovce",246,254,98,129,"39,8","50,8",136,123,"55,3","48,4"
"Mátyócvajkóc","Maťovské Vojkovce",626,587,522,503,"83,4","85,7",57,67,"9,1","11,4"
"Mokcsamogyorós","Krišovská Liesková",903,845,733,664,"81,2","78,6",103,101,"11,4","12,0"
"Nagykapos","Veľké Kapušany",9406,9760,5604,5561,"59,6","57,0",2844,3506,"30,2","35,9"
"Nagymihály ","Michalovce",40027,39948,104,132,"0,3","0,3",31835,37777,"79,5","94,6"
"Nagyráska","Veľké Raškovce",334,347,244,290,"73,1","83,6",62,52,"18,6","15,0"
"Nagyszelmenc","Veľké Slemence",616,604,529,586,"85,9","97,0",26,14,"4,2","2,3"
"Szirénfalva","Ptrukša",512,544,441,518,"86,1","95,2",60,23,"11,7","4,2"
"Vaján","Vojany",863,797,524,560,"60,7","70,3",189,172,"21,9","21,6"
